{"root":[{"assemblyName":"Unity.RenderPipelines.Universal.Runtime","nameSpace":"UnityEngine.Rendering.Universal","className":"XRSystem","methodName":"XRSystemInit","loadTypes":3,"isUnityClass":true},{"assemblyName":"Unity.RenderPipelines.Core.Runtime","nameSpace":"UnityEngine.Rendering","className":"DebugUpdater","methodName":"RuntimeInit","loadTypes":0,"isUnityClass":true},{"assemblyName":"Admix.Core","nameSpace":"Admix.WebView.Internal","className":"Dispatcher","methodName":"Initialize","loadTypes":1,"isUnityClass":false},{"assemblyName":"Admix.Core","nameSpace":"Admix.WebView.Internal","className":"iOSWebPluginRegistrant","methodName":"_registerPlugin","loadTypes":1,"isUnityClass":false},{"assemblyName":"Admix.Core","nameSpace":"Admix.AdmixCore","className":"GameActivePlacements","methodName":"Initialize","loadTypes":0,"isUnityClass":false},{"assemblyName":"Admix.Core","nameSpace":"Admix.AdmixCore","className":"AdmixInitializer","methodName":"Main","loadTypes":0,"isUnityClass":false},{"assemblyName":"Admix.Core","nameSpace":"Admix.WebView.Internal","className":"Dispatcher","methodName":"Initialize","loadTypes":1,"isUnityClass":false},{"assemblyName":"Admix.Core","nameSpace":"Admix.WebView.Internal","className":"iOSWebPluginRegistrant","methodName":"_registerPlugin","loadTypes":1,"isUnityClass":false},{"assemblyName":"Admix.Core","nameSpace":"Admix.AdmixCore","className":"GameActivePlacements","methodName":"Initialize","loadTypes":0,"isUnityClass":false},{"assemblyName":"Admix.Core","nameSpace":"Admix.AdmixCore","className":"AdmixInitializer","methodName":"Main","loadTypes":0,"isUnityClass":false},{"assemblyName":"Admix.Core","nameSpace":"Admix.WebView.Internal","className":"Dispatcher","methodName":"Initialize","loadTypes":1,"isUnityClass":false},{"assemblyName":"Admix.Core","nameSpace":"Admix.WebView.Internal","className":"iOSWebPluginRegistrant","methodName":"_registerPlugin","loadTypes":1,"isUnityClass":false},{"assemblyName":"Admix.Core","nameSpace":"Admix.AdmixCore","className":"GameActivePlacements","methodName":"Initialize","loadTypes":0,"isUnityClass":false},{"assemblyName":"Admix.Core","nameSpace":"Admix.AdmixCore","className":"AdmixInitializer","methodName":"Main","loadTypes":0,"isUnityClass":false},{"assemblyName":"Admix.Core","nameSpace":"Admix.WebView.Internal","className":"Dispatcher","methodName":"Initialize","loadTypes":1,"isUnityClass":false},{"assemblyName":"Admix.Core","nameSpace":"Admix.WebView.Internal","className":"iOSWebPluginRegistrant","methodName":"_registerPlugin","loadTypes":1,"isUnityClass":false},{"assemblyName":"Admix.Core","nameSpace":"Admix.AdmixCore","className":"GameActivePlacements","methodName":"Initialize","loadTypes":0,"isUnityClass":false},{"assemblyName":"Admix.Core","nameSpace":"Admix.AdmixCore","className":"AdmixInitializer","methodName":"Main","loadTypes":0,"isUnityClass":false},{"assemblyName":"Admix.Core","nameSpace":"Admix.WebView.Internal","className":"Dispatcher","methodName":"Initialize","loadTypes":1,"isUnityClass":false},{"assemblyName":"Admix.Core","nameSpace":"Admix.WebView.Internal","className":"iOSWebPluginRegistrant","methodName":"_registerPlugin","loadTypes":1,"isUnityClass":false},{"assemblyName":"Admix.Core","nameSpace":"Admix.AdmixCore","className":"GameActivePlacements","methodName":"Initialize","loadTypes":0,"isUnityClass":false},{"assemblyName":"Admix.Core","nameSpace":"Admix.AdmixCore","className":"AdmixInitializer","methodName":"Main","loadTypes":0,"isUnityClass":false},{"assemblyName":"Admix.Core","nameSpace":"Admix.WebView.Internal","className":"Dispatcher","methodName":"Initialize","loadTypes":1,"isUnityClass":false},{"assemblyName":"Admix.Core","nameSpace":"Admix.WebView.Internal","className":"iOSWebPluginRegistrant","methodName":"_registerPlugin","loadTypes":1,"isUnityClass":false},{"assemblyName":"Admix.Core","nameSpace":"Admix.AdmixCore","className":"GameActivePlacements","methodName":"Initialize","loadTypes":0,"isUnityClass":false},{"assemblyName":"Admix.Core","nameSpace":"Admix.AdmixCore","className":"AdmixInitializer","methodName":"Main","loadTypes":0,"isUnityClass":false},{"assemblyName":"Admix.Core","nameSpace":"Admix.WebView.Internal","className":"Dispatcher","methodName":"Initialize","loadTypes":1,"isUnityClass":false},{"assemblyName":"Admix.Core","nameSpace":"Admix.WebView.Internal","className":"iOSWebPluginRegistrant","methodName":"_registerPlugin","loadTypes":1,"isUnityClass":false},{"assemblyName":"Admix.Core","nameSpace":"Admix.AdmixCore","className":"GameActivePlacements","methodName":"Initialize","loadTypes":0,"isUnityClass":false},{"assemblyName":"Admix.Core","nameSpace":"Admix.AdmixCore","className":"AdmixInitializer","methodName":"Main","loadTypes":0,"isUnityClass":false},{"assemblyName":"Admix.Core","nameSpace":"Admix.WebView.Internal","className":"Dispatcher","methodName":"Initialize","loadTypes":1,"isUnityClass":false},{"assemblyName":"Admix.Core","nameSpace":"Admix.WebView.Internal","className":"iOSWebPluginRegistrant","methodName":"_registerPlugin","loadTypes":1,"isUnityClass":false},{"assemblyName":"Admix.Core","nameSpace":"Admix.AdmixCore","className":"GameActivePlacements","methodName":"Initialize","loadTypes":0,"isUnityClass":false},{"assemblyName":"Admix.Core","nameSpace":"Admix.AdmixCore","className":"AdmixInitializer","methodName":"Main","loadTypes":0,"isUnityClass":false},{"assemblyName":"Admix.Core","nameSpace":"Admix.WebView.Internal","className":"Dispatcher","methodName":"Initialize","loadTypes":1,"isUnityClass":false},{"assemblyName":"Admix.Core","nameSpace":"Admix.WebView.Internal","className":"iOSWebPluginRegistrant","methodName":"_registerPlugin","loadTypes":1,"isUnityClass":false},{"assemblyName":"Admix.Core","nameSpace":"Admix.AdmixCore","className":"GameActivePlacements","methodName":"Initialize","loadTypes":0,"isUnityClass":false},{"assemblyName":"Admix.Core","nameSpace":"Admix.AdmixCore","className":"AdmixInitializer","methodName":"Main","loadTypes":0,"isUnityClass":false}]}
